,ARG104,TYR114,TYR118,TYR120,LEU121,LEU150,ASN151,TYR153,ASN157,GLY160,TYR162,THR164,THR165,GLY166,TYR169
ARG339,0,0,0,0,0,0,0,0,0,0,0,NH1-CB,0,0,0
ASP337,0,0,0,0,0,0,0,0,0,0,0,CG-O,0,N-N,0
GLY336,0,0,0,0,0,0,0,0,0,0,0,0,0,O-N_O-CA,N-CD1
LYS335,0,0,0,0,0,0,0,0,0,CE-O,NZ-pi0,0,CB-CB,O-N_O-N,C-CD1
ASN312,0,0,0,0,0,0,0,0,0,0,0,CG-CG2,0,0,0
GLU311,OE2-NH1_OE1-NH1_OE2-NH2,0,0,0,0,0,0,0,0,0,0,0,0,0,0
TYR65,0,0,0,0,0,0,CZ-ND2,OH-OH,0,0,0,0,0,0,0
MET64,0,0,0,0,0,SD-CD1,0,0,0,0,0,0,0,0,0
LEU61,0,0,0,0,0,CD1-CD2,0,0,0,0,0,0,0,0,0
LEU27,0,0,0,0,0,0,0,0,0,0,CD1-CD2,CD1-OG1,0,0,0
GLN24,0,CD-OH,0,0,0,0,0,0,0,0,CD-OH,0,0,0,0
TYR23,0,0,0,0,0,0,0,0,0,0,CE2-CG_pi0-pi0,CZ-OG1,CE2-CG2,0,0
ASP20,0,OD2-OH_OD1-OH,0,0,0,0,0,0,0,0,0,0,0,0,0
GLU19,0,0,0,0,0,0,0,0,0,0,0,0,0,0,CD-OH
HIS16,0,0,CD2-OH,0,0,0,0,0,CB-ND2,0,0,0,0,0,0
LYS13,0,0,0,CB-OH,0,0,0,CB-CD2,0,0,0,0,0,0,0
PHE10,0,0,0,0,0,0,0,CA-OH,0,0,0,0,0,0,0
THR9,0,0,0,0,CG2-CD2,0,0,CG2-CE1,0,0,0,0,0,0,0
GLN6,0,0,0,0,0,0,CD-ND2,0,0,0,0,0,0,0,0