,K99.E.6M0J,G128.E.6M0J,Y131.E.6M0J,Y135.E.6M0J,L137.E.6M0J,F138.E.6M0J,A157.E.6M0J,E166.E.6M0J,F168.E.6M0J,N169.E.6M0J,Y171.E.6M0J,Q175.E.6M0J,G178.E.6M0J,Q180.E.6M0J,T182.E.6M0J,N183.E.6M0J,G184.E.6M0J,Y187.E.6M0J
Q6.A.6M0J,0,0,0,0,0,0,contact,0,0,H-Bonds,0,0,0,0,0,0,0,0
D12.A.6M0J,Salt Bridge/Ionic,0,0,0,0,contact,0,0,0,0,0,0,0,0,0,0,0,0
K13.A.6M0J,0,0,0,0,0,0,0,Salt Bridge/Ionic,0,0,contact,H-Bonds,0,0,0,0,0,0
H16.A.6M0J,0,0,0,H-Bonds,contact,0,0,0,0,0,0,0,0,0,0,0,0,0
E19.A.6M0J,0,0,0,0,0,0,0,0,0,0,0,0,0,0,0,0,0,H-Bonds
D20.A.6M0J,0,0,H-Bonds,0,0,0,0,0,0,0,0,0,0,0,0,0,0,0
Y23.A.6M0J,0,0,0,0,0,0,0,0,0,0,0,0,0,contact,H-Bonds,contact,0,0
Q24.A.6M0J,0,H-Bonds,contact,0,0,0,0,0,0,0,0,0,0,contact,0,0,0,0
Y65.A.6M0J,0,0,0,0,0,0,0,0,contact,H-Bonds,contact,0,0,0,0,0,0,0
K335.A.6M0J,0,0,0,0,0,0,0,0,0,0,0,0,contact,0,0,contact,H-Bonds,contact
G336.A.6M0J,0,0,0,0,0,0,0,0,0,0,0,0,0,0,0,0,H-Bonds,contact
T9.A.6M0J,0,0,0,0,0,contact,contact,0,0,0,contact,0,0,0,0,0,0,0
F10.A.6M0J,0,0,0,0,0,0,0,0,0,0,contact,0,0,0,0,0,0,0
E17.A.6M0J,0,0,0,0,0,0,0,0,0,0,0,contact,0,0,0,0,0,0
L61.A.6M0J,0,0,0,0,0,0,0,0,contact,0,0,0,0,0,0,0,0,0
M64.A.6M0J,0,0,0,0,0,0,0,0,contact,0,0,0,0,0,0,0,0,0
N312.A.6M0J,0,0,0,0,0,0,0,0,0,0,0,0,0,0,contact,0,0,0
D337.A.6M0J,0,0,0,0,0,0,0,0,0,0,0,0,0,0,contact,0,0,0
R339.A.6M0J,0,0,0,0,0,0,0,0,0,0,0,0,0,0,contact,0,0,0
R375.A.6M0J,0,0,0,0,0,0,0,0,0,0,0,0,0,0,0,0,0,contact
