,R104.E.2AJF,Y114.E.2AJF,Y118.E.2AJF,Y120.E.2AJF,L121.E.2AJF,L150.E.2AJF,N151.E.2AJF,Y153.E.2AJF,N157.E.2AJF,G160.E.2AJF,Y162.E.2AJF,T164.E.2AJF,T165.E.2AJF,G166.E.2AJF,Y169.E.2AJF
D20.A.2AJF,0,H-Bonds,0,0,0,0,0,0,0,0,0,0,0,0,0
E311.A.2AJF,Salt Bridge/Ionic,0,0,0,0,0,0,0,0,0,0,0,0,0,0
K335.A.2AJF,0,0,0,0,0,0,0,0,0,contact,π-Cation,0,contact,H-Bonds,contact
G336.A.2AJF,0,0,0,0,0,0,0,0,0,0,0,0,0,H-Bonds,contact
Y23.A.2AJF,0,0,0,0,0,0,0,0,0,0,π-Stacking,contact,contact,0,0
Q6.A.2AJF,0,0,0,0,0,0,contact,0,0,0,0,0,0,0,0
T9.A.2AJF,0,0,0,0,contact,0,0,contact,0,0,0,0,0,0,0
F10.A.2AJF,0,0,0,0,0,0,0,contact,0,0,0,0,0,0,0
K13.A.2AJF,0,0,0,contact,0,0,0,contact,0,0,0,0,0,0,0
H16.A.2AJF,0,0,contact,0,0,0,0,0,contact,0,0,0,0,0,0
E19.A.2AJF,0,0,0,0,0,0,0,0,0,0,0,0,0,0,contact
Q24.A.2AJF,0,contact,0,0,0,0,0,0,0,0,contact,0,0,0,0
L27.A.2AJF,0,0,0,0,0,0,0,0,0,0,contact,contact,0,0,0
L61.A.2AJF,0,0,0,0,0,contact,0,0,0,0,0,0,0,0,0
M64.A.2AJF,0,0,0,0,0,contact,0,0,0,0,0,0,0,0,0
Y65.A.2AJF,0,0,0,0,0,0,contact,contact,0,0,0,0,0,0,0
N312.A.2AJF,0,0,0,0,0,0,0,0,0,0,0,contact,0,0,0
D337.A.2AJF,0,0,0,0,0,0,0,0,0,0,0,contact,0,contact,0
R339.A.2AJF,0,0,0,0,0,0,0,0,0,0,0,contact,0,0,0